subject,total_mem,n_blocks_allocated,mem_size_allocated,mem_size_free,largest_free_block
malloc,2114812,0,0,2114780,2114780
malloc,2114812,0,0,2114780,2114780
malloc,2114812,0,0,2114780,2114780
malloc,2114812,0,0,2114780,2114780
malloc,2114812,0,0,2114780,2114780
malloc,2114812,0,0,2114780,2114780
malloc,2114812,0,0,2114780,2114780
malloc,2114812,0,0,2114780,2114780
malloc,2114812,0,0,2114780,2114780
malloc,2114812,0,0,2114780,2114780
malloc,2114812,0,0,2114780,2114780
malloc,2114812,0,0,2114780,2114780
malloc,2114812,0,0,2114780,2114780
malloc,2114812,0,0,2114780,2114780
malloc,2114812,0,0,2114780,2114780
malloc,2114812,0,0,2114780,2114780
malloc,2114812,0,0,2114780,2114780
malloc,2114812,0,0,2114780,2114780
malloc,2114812,0,0,2114780,2114780
malloc,2114812,0,0,2114780,2114780
malloc,2114812,0,0,2114780,2114780
malloc,2114812,0,0,2114780,2114780
malloc,2114812,0,0,2114780,2114780
malloc,2114812,0,0,2114780,2114780
malloc,2114812,0,0,2114780,2114780
malloc,2114812,0,0,2114780,2114780
malloc,2114812,0,0,2114780,2114780
malloc,2114812,0,0,2114780,2114780
malloc,2114812,0,0,2114780,2114780
malloc,2114812,0,0,2114780,2114780
malloc,2114812,0,0,2114780,2114780
malloc,2114812,0,0,2114780,2114780
malloc,2114812,0,0,2114780,2114780
malloc,2114812,0,0,2114780,2114780
malloc,2114812,0,0,2114780,2114780
malloc,2114812,0,0,2114780,2114780
malloc,2114812,0,0,2114780,2114780
malloc,2114812,0,0,2114780,2114780
malloc,2114812,0,0,2114780,2114780
malloc,2114812,0,0,2114780,2114780
malloc,2114812,0,0,2114780,2114780
malloc,2114812,0,0,2114780,2114780
malloc,2114812,0,0,2114780,2114780
malloc,2114812,0,0,2114780,2114780
malloc,2114812,0,0,2114780,2114780
malloc,2114812,0,0,2114780,2114780
malloc,2114812,0,0,2114780,2114780
malloc,2114812,0,0,2114780,2114780
malloc,2114812,0,0,2114780,2114780
malloc,2114812,0,0,2114780,2114780
malloc,2114812,0,0,2114780,2114780
malloc,2114812,0,0,2114780,2114780
malloc,2114812,0,0,2114780,2114780
malloc,2114812,0,0,2114780,2114780
malloc,2114812,0,0,2114780,2114780
malloc,2114812,0,0,2114780,2114780
malloc,2114812,0,0,2114780,2114780
malloc,2114812,0,0,2114780,2114780
malloc,2114812,0,0,2114780,2114780
malloc,2114812,0,0,2114780,2114780
malloc,2114812,0,0,2114780,2114780
malloc,2114812,0,0,2114780,2114780
malloc,2114812,0,0,2114780,2114780
malloc,2114812,0,0,2114780,2114780
malloc,2114812,0,0,2114780,2114780
malloc,2114812,0,0,2114780,2114780
malloc,2114812,0,0,2114780,2114780
malloc,2114812,0,0,2114780,2114780
malloc,2114812,0,0,2114780,2114780
malloc,2114812,0,0,2114780,2114780
malloc,2114812,0,0,2114780,2114780
malloc,2114812,0,0,2114780,2114780
malloc,2114812,0,0,2114780,2114780
malloc,2114812,0,0,2114780,2114780
malloc,2114812,0,0,2114780,2114780
malloc,2114812,0,0,2114780,2114780
malloc,2114812,0,0,2114780,2114780
malloc,2114812,0,0,2114780,2114780
malloc,2114812,0,0,2114780,2114780
malloc,2114812,0,0,2114780,2114780
malloc,2114812,0,0,2114780,2114780
malloc,2114812,0,0,2114780,2114780
malloc,2114812,0,0,2114780,2114780
malloc,2114812,0,0,2114780,2114780
malloc,2114812,0,0,2114780,2114780
malloc,2114812,0,0,2114780,2114780
malloc,2114812,0,0,2114780,2114780
malloc,2114812,0,0,2114780,2114780
malloc,2114812,0,0,2114780,2114780
malloc,2114812,0,0,2114780,2114780
malloc,2114812,0,0,2114780,2114780
malloc,2114812,0,0,2114780,2114780
malloc,2114812,0,0,2114780,2114780
malloc,2114812,0,0,2114780,2114780
malloc,2114812,0,0,2114780,2114780
malloc,2114812,0,0,2114780,2114780
malloc,2114812,0,0,2114780,2114780
malloc,2114812,0,0,2114780,2114780
malloc,2114812,0,0,2114780,2114780
malloc,2114812,0,0,2114780,2114780
